Company,Industry,Size
Atlas Copco IAS GmbH,Education,Mid-size (51-500)
XiLLeR GmbH,Healthcare,Large (500+)
H. Ludendorff GmbH,Marketing,Large (500+)
Deutsche Telekom AG,Technology,Large (500+)
Bayer,Retail,Mid-size (51-500)
TOOLPORT GmbH,Hospitality,Mid-size (51-500)
EY,Healthcare,Mid-size (51-500)
ANDREAS STIHL AG & Co. KG,Manufacturing,Large (500+)
Lechler GmbH,Finance,Startup (1-50)
Teva Pharmaceuticals,Healthcare,Startup (1-50)
OMV Group,Finance,Large (500+)
MTU Aero Engines AG,Hospitality,Startup (1-50)
Munich Re,Healthcare,Large (500+)
MTU Maintenance Hannover GmbH,Hospitality,Large (500+)
U-Glow GmbH,Technology,Mid-size (51-500)
VEGA Grieshaber KG,Hospitality,Large (500+)
AUDI AG,Manufacturing,Large (500+)
"AMAZONEN-Werke H. Dreyer SE & Co. KG, Werk Gaste",Technology,Mid-size (51-500)
PowerCo SE,Finance,Mid-size (51-500)
Voith Group,Manufacturing,Mid-size (51-500)
PGBPGNGLOBAL,Finance,Large (500+)
EY Deutschland,Finance,Mid-size (51-500)
Lidl Stiftung & Co KG,Education,Startup (1-50)
Schickler Unternehmensberatung GmbH,Finance,Mid-size (51-500)
Reply Deutschland SE,Marketing,Startup (1-50)
Fraunhofer-Gesellschaft,Retail,Large (500+)
Hilti Deutschland,Education,Large (500+)
Deutsche Bundesbank,Retail,Mid-size (51-500)
SAP,Finance,Large (500+)
Sonova AG,Manufacturing,Large (500+)
Deutsche Telekom,Marketing,Mid-size (51-500)
Goodyear,Finance,Startup (1-50)
CASTFAST GmbH,Finance,Mid-size (51-500)
BRL Risk Consulting GmbH & Co. KG,Education,Mid-size (51-500)
Würth Deutschland,Hospitality,Mid-size (51-500)
advise research gmbh,Marketing,Startup (1-50)
etalytics GmbH,Healthcare,Startup (1-50)
Weissmaler GmbH,Technology,Mid-size (51-500)
Roche,Finance,Mid-size (51-500)
Deloitte GmbH,Retail,Mid-size (51-500)
Trumpf,Hospitality,Startup (1-50)
Lidl in Deutschland,Healthcare,Startup (1-50)
BMW AG,Finance,Mid-size (51-500)
Deutsche Bahn AG,Manufacturing,Mid-size (51-500)
AXA Group,Retail,Mid-size (51-500)
Prognos AG - Wir geben Orientierung.,Education,Mid-size (51-500)
Gerresheimer AG,Retail,Startup (1-50)
Simon-Kucher,Marketing,Mid-size (51-500)
Boston Consulting Group,Finance,Mid-size (51-500)
HypoVereinsbank - UniCredit - Deutschland,Hospitality,Startup (1-50)
Lidl Deutschland,Finance,Large (500+)
Simon-Kucher & Partners,Healthcare,Large (500+)
Sonova Retail Deutschland,Healthcare,Mid-size (51-500)
Deutsche Lufthansa AG,Hospitality,Large (500+)
Melotech,Technology,Startup (1-50)
GreenPocket GmbH,Education,Mid-size (51-500)
Cloover,Finance,Large (500+)
Deloitte,Hospitality,Startup (1-50)
OSCAR GmbH,Marketing,Startup (1-50)
PAIR Finance GmbH,Retail,Mid-size (51-500)
Agilent Technologies,Marketing,Mid-size (51-500)
TUM Klinikum Deutsches Herzzentrum,Education,Mid-size (51-500)
1WorldSync,Healthcare,Startup (1-50)
BMW Group,Marketing,Mid-size (51-500)
iq digital media marketing gmbh,Healthcare,Startup (1-50)
CHECK24 Vergleichsportal,Education,Mid-size (51-500)
Zurich Insurance,Hospitality,Large (500+)
LimeFlight,Retail,Large (500+)
InstaPro group,Healthcare,Mid-size (51-500)
Universitätsklinikum Köln,Manufacturing,Startup (1-50)
DEEL,Healthcare,Large (500+)
Drescher Consulting GmbH,Finance,Startup (1-50)
Bayerische Landesbank,Hospitality,Large (500+)
BBBank eG,Retail,Mid-size (51-500)
Amazon.com,Manufacturing,Large (500+)
FAIRTIQ AG,Hospitality,Large (500+)
Delivery Hero,Manufacturing,Large (500+)
Brainlab,Marketing,Startup (1-50)
Buhl Data Service GmbH,Retail,Mid-size (51-500)
]init[ AG,Retail,Mid-size (51-500)
Tracxn Technologies,Finance,Mid-size (51-500)
Hyundai Motor Company,Retail,Large (500+)
ICON plc,Technology,Large (500+)
Universitätsmedizin Göttingen UMG,Retail,Large (500+)
Roland Berger,Marketing,Large (500+)
Ankura,Healthcare,Mid-size (51-500)
RWTH Aachen University,Finance,Large (500+)
Skm Group,Marketing,Startup (1-50)
E.ON,Retail,Mid-size (51-500)
Siemens Healthineers,Education,Startup (1-50)
Amazon Web Services,Finance,Startup (1-50)
Microsoft,Hospitality,Mid-size (51-500)
TeamViewer,Retail,Startup (1-50)
SCALEUP.agency,Technology,Startup (1-50)
GETEC Group,Hospitality,Mid-size (51-500)
TieTalent,Manufacturing,Startup (1-50)
DFB,Retail,Startup (1-50)
BCG X,Marketing,Large (500+)
eleva,Finance,Startup (1-50)
VISPIRON SYSTEMS GmbH,Hospitality,Startup (1-50)
EX Venture Inc.,Education,Startup (1-50)
Diehl Group,Manufacturing,Startup (1-50)
Elevear,Healthcare,Large (500+)
Diehl Defence,Finance,Startup (1-50)
KLU Alumni Association e.V .,Marketing,Mid-size (51-500)
Technische Universität München (Technical University of Munich),Finance,Mid-size (51-500)
APP-TECH S.R.L.,Technology,Mid-size (51-500)
Microsoft Innovation Center,Hospitality,Mid-size (51-500)
LexisNexis Risk Solutions Healthcare,Finance,Large (500+)
Planet A Foods,Finance,Startup (1-50)
CHECK24 Vergleichsportal GmbH,Technology,Startup (1-50)
NewNow,Education,Large (500+)
Salzgitter Mannesmann Stahlhandel GmbH,Technology,Large (500+)
byways,Marketing,Mid-size (51-500)
ZEISS Group,Finance,Startup (1-50)
German Aerospace Center (DLR),Finance,Large (500+)
Studyflix,Healthcare,Startup (1-50)
Mercedes-Benz Mobility AG,Hospitality,Startup (1-50)
Fraunhofer UMSICHT,Education,Large (500+)
Vodafone,Hospitality,Startup (1-50)
Deutsche Telekom Technik GmbH,Retail,Startup (1-50)
BMW,Manufacturing,Startup (1-50)
eFinancialCareers GmbH,Technology,Mid-size (51-500)
Telekom Deutschland GmbH,Education,Startup (1-50)
Snowflake,Education,Mid-size (51-500)
Siegwerk Druckfarben AG & Co. KGaA,Marketing,Mid-size (51-500)
Hella,Hospitality,Startup (1-50)
Schwarz Corporate Solutions,Education,Large (500+)
doubleSlash Net-Business GmbH,Education,Startup (1-50)
DENPAFLUX GmbH,Education,Large (500+)
Emerson,Healthcare,Startup (1-50)
Alfred Kärcher SE & Co. KG,Manufacturing,Startup (1-50)
Airteam Aerial Intelligence GmbH,Finance,Startup (1-50)
WITRON Logistik + Informatik GmbH,Manufacturing,Large (500+)
Nestlé,Manufacturing,Startup (1-50)
Inter Versicherungsgruppe,Healthcare,Mid-size (51-500)
Porsche Leipzig GmbH,Healthcare,Large (500+)
Porsche Engineering Group,Hospitality,Mid-size (51-500)
Particle14 Infotech,Healthcare,Large (500+)
Sonix Solar GmbH - Solartraders,Healthcare,Large (500+)
roclub,Hospitality,Mid-size (51-500)
badenova AG & Co. KG,Finance,Large (500+)
Broetje-Automation GmbH,Manufacturing,Mid-size (51-500)
Fresenius Kabi,Manufacturing,Startup (1-50)
cavalis,Hospitality,Large (500+)
Europa-Park GmbH & Co Mack KG,Marketing,Startup (1-50)
Ommax Gmbh,Hospitality,Mid-size (51-500)
Miles & More GmbH,Finance,Startup (1-50)
ZEISS,Healthcare,Mid-size (51-500)
PricewaterhouseCoopers GmbH WPG,Finance,Startup (1-50)
GISA GmbH,Manufacturing,Large (500+)
Bosch Thermotechnik GmbH,Hospitality,Startup (1-50)
Einhell Germany AG,Manufacturing,Large (500+)
Markt Pilot,Finance,Startup (1-50)
HypoVereinsbank - UniCredit Bank GmbH,Finance,Mid-size (51-500)
FERRERO Deutschland,Manufacturing,Startup (1-50)
SoundCloud,Manufacturing,Large (500+)
Generali Deutschland AG,Healthcare,Mid-size (51-500)
PwC Germany,Retail,Startup (1-50)
Volkswagen Group,Hospitality,Startup (1-50)
Oliver Wyman Group,Healthcare,Large (500+)
trawa,Technology,Large (500+)
FINN,Retail,Startup (1-50)
KPMG AG,Technology,Large (500+)
Samsung Germany,Marketing,Mid-size (51-500)
Miele,Healthcare,Mid-size (51-500)
Deutsche Bank,Technology,Mid-size (51-500)
finn.auto,Education,Startup (1-50)
Hugo Boss,Manufacturing,Startup (1-50)
Thermosphr,Technology,Mid-size (51-500)
Abroad Internships,Healthcare,Mid-size (51-500)
Indeed,Hospitality,Startup (1-50)
BWI GmbH,Retail,Large (500+)
Circunomics,Education,Startup (1-50)
D4L data4life gGmbH,Retail,Mid-size (51-500)
Windmöller & Hölscher,Healthcare,Startup (1-50)
kreuznacher diakonie,Healthcare,Startup (1-50)
entero AG,Education,Large (500+)
KRAHN CHEMIE GMBH,Manufacturing,Startup (1-50)
Cambridge International Systems,Technology,Startup (1-50)
Handelsblatt GmbH,Hospitality,Large (500+)
Abbott,Technology,Startup (1-50)
Bäckerei & Konditorei Raisch,Retail,Mid-size (51-500)
Heinstadt und Reiss GmbH,Hospitality,Mid-size (51-500)
Hartmann,Manufacturing,Mid-size (51-500)
Streetbuzz Distribution,Healthcare,Mid-size (51-500)
Quinyx,Healthcare,Large (500+)
TechBiz Global GmbH,Marketing,Startup (1-50)
Porsche AG,Manufacturing,Mid-size (51-500)
Montblanc,Finance,Startup (1-50)
C&A,Education,Mid-size (51-500)
QIAGEN,Hospitality,Mid-size (51-500)
Consultport,Education,Startup (1-50)
ecoplanet,Finance,Mid-size (51-500)
TA Europe,Manufacturing,Mid-size (51-500)
charles,Technology,Startup (1-50)
Marriott International,Retail,Large (500+)
"Jinko Solar Co., Ltd.",Technology,Large (500+)
HUGO BOSS,Marketing,Large (500+)
Wolt,Healthcare,Mid-size (51-500)
European Investment Bank (EIB),Education,Large (500+)
Dataiku,Healthcare,Mid-size (51-500)
Boston Consulting Group (BCG),Hospitality,Mid-size (51-500)
DNV,Retail,Large (500+)
EnBW Energie Baden-Württemberg AG,Manufacturing,Large (500+)
MARKT-PILOT,Retail,Mid-size (51-500)
Franco Consulting GmbH,Healthcare,Mid-size (51-500)
Lufthansa Innovation Hub,Manufacturing,Startup (1-50)
BASF,Finance,Startup (1-50)
innnow,Retail,Mid-size (51-500)
NavVis,Healthcare,Startup (1-50)
Bergzeit,Hospitality,Startup (1-50)
Forvis Mazars,Hospitality,Large (500+)
Dr. Ing. h.c. F. Porsche AG,Hospitality,Large (500+)
Ostend Digital,Hospitality,Mid-size (51-500)
Assystant,Marketing,Startup (1-50)
CompuGroup Medical,Technology,Mid-size (51-500)
Continental,Retail,Large (500+)
PIMCO,Healthcare,Large (500+)
Tesla,Education,Startup (1-50)
Roland Berger Holding GmbH,Marketing,Startup (1-50)
Studyflix Gmbh,Manufacturing,Startup (1-50)
Krones AG,Education,Mid-size (51-500)
Upvest,Marketing,Mid-size (51-500)
S-Kreditpartner,Technology,Large (500+)
"Valantic Digital Finance: Consultant, Manager, Solution Engineer",Marketing,Mid-size (51-500)
SWU Stadtwerke Ulm/Neu-Ulm GmbH,Finance,Startup (1-50)
acemate.ai,Marketing,Startup (1-50)
Picnic Technologies,Technology,Large (500+)
Artivion EMEA,Retail,Mid-size (51-500)
Kaufland,Retail,Mid-size (51-500)
MPC Capital AG,Education,Large (500+)
Ingenics Career,Marketing,Large (500+)
PIMCO Prime Real Estate,Education,Mid-size (51-500)
Prodware,Technology,Large (500+)
Bonsai GmbH,Hospitality,Startup (1-50)
ENTEGA AG,Hospitality,Large (500+)
Parloa,Finance,Large (500+)
Apple,Technology,Startup (1-50)
Elia Grid International,Manufacturing,Large (500+)
Infineon Technologies,Education,Startup (1-50)
Döhler,Retail,Startup (1-50)
Luminovo GmbH,Finance,Mid-size (51-500)
Carbmee GmbH,Technology,Startup (1-50)
Luminovo,Manufacturing,Large (500+)
S&P Global,Hospitality,Large (500+)
Kia Europe GmbH,Manufacturing,Large (500+)
MTU Maintenance Berlin-Brandenburg GmbH,Technology,Mid-size (51-500)
EcoPhi Renewables Engineering GmbH,Finance,Mid-size (51-500)
4screen,Retail,Mid-size (51-500)
Beiersdorf AG,Marketing,Large (500+)
Gerresheimer,Finance,Large (500+)
SellerX,Finance,Large (500+)
Merck KGaA Darmstadt Germany,Education,Startup (1-50)
SMA Solar Technology AG,Hospitality,Mid-size (51-500)
Taxfix,Retail,Mid-size (51-500)
Bosch Group,Retail,Mid-size (51-500)
Mercedes-Benz AG,Healthcare,Large (500+)
paretos GmbH,Technology,Large (500+)
H&Z Unternehmensberatung AG,Marketing,Large (500+)
Grant Thornton,Technology,Mid-size (51-500)
cariad,Healthcare,Mid-size (51-500)
Commerzbank AG Deutschland,Education,Mid-size (51-500)
Sewts,Manufacturing,Mid-size (51-500)
Forget Finance,Finance,Large (500+)
AMAZONEN-WERKE H. DREYER SE & Co. KG,Technology,Startup (1-50)
master-TMS,Finance,Large (500+)
Siemens,Hospitality,Large (500+)
GIM - Gesellschaft für Innovative Marktforschung mbH,Education,Mid-size (51-500)
TN Germany,Hospitality,Large (500+)
AXA Konzern AG,Technology,Large (500+)
Novo AI,Education,Mid-size (51-500)
newnow.group,Retail,Large (500+)
Germany Jobs,Manufacturing,Mid-size (51-500)
MARKT-PILOT GmbH,Manufacturing,Startup (1-50)
Capgemini,Retail,Mid-size (51-500)
FUTRUE GmbH,Hospitality,Startup (1-50)
VAARHAFT,Healthcare,Large (500+)
Predium,Education,Mid-size (51-500)
adesso SE,Manufacturing,Startup (1-50)
Bundesdruckerei,Hospitality,Large (500+)
Varengold Bank AG,Retail,Large (500+)
Ernst & Young GmbH Wirtschaftsprüfungsgesellschaft,Technology,Large (500+)
Functional,Education,Mid-size (51-500)
UniteLabs,Retail,Startup (1-50)
Matchory GmbH,Marketing,Startup (1-50)
acto GmbH,Manufacturing,Mid-size (51-500)
UMB AG,Manufacturing,Mid-size (51-500)
Beiersdorf Shared Services GmbH,Healthcare,Large (500+)
Zalando,Finance,Large (500+)
Allplan Deutschland GmbH,Retail,Mid-size (51-500)
Climatiq,Manufacturing,Large (500+)
indie,Manufacturing,Large (500+)
grey engineering GmbH,Manufacturing,Startup (1-50)
3M,Manufacturing,Startup (1-50)
United Internet,Education,Large (500+)
VIRTUS Data Centres,Healthcare,Large (500+)
Volkswagen Algérie,Finance,Mid-size (51-500)
Lucid Motors Europe,Retail,Large (500+)
Airbus,Education,Mid-size (51-500)
Stryker,Healthcare,Startup (1-50)
carbmee,Hospitality,Startup (1-50)
Trusted Shops,Technology,Mid-size (51-500)
CoreTylynt,Education,Mid-size (51-500)
Forschungsverbund Berlin e.V.,Hospitality,Large (500+)
CIB labs S.L.,Hospitality,Startup (1-50)
HOSOKAWA SOLIDS,Finance,Large (500+)
PAYONE,Education,Large (500+)
Wölfel Group,Manufacturing,Large (500+)
Enpal,Finance,Mid-size (51-500)
Fraunhofer Institute for Production Technology IPT,Retail,Mid-size (51-500)
Deepki,Hospitality,Large (500+)
Leibniz Association,Finance,Large (500+)
Technische Universität Dresden,Manufacturing,Large (500+)
PowerCo,Marketing,Large (500+)
X2E GmbH,Technology,Startup (1-50)
Hyundai Motor Europe Technical Center GmbH,Healthcare,Startup (1-50)
Draxon GmbH,Finance,Mid-size (51-500)
SENACOR,Hospitality,Mid-size (51-500)
PERI,Retail,Large (500+)
SPORTFIVE Global Holding GmbH,Education,Large (500+)
AMETRAS informatik AG,Finance,Mid-size (51-500)
Anker Innovations Deutschland GmbH,Marketing,Large (500+)
TeamViewer GmbH,Technology,Startup (1-50)
KEBA,Hospitality,Large (500+)
TIMETOACT Group,Marketing,Startup (1-50)
AI Tutor,Retail,Large (500+)
Circus SE,Technology,Mid-size (51-500)
Digital Loop,Manufacturing,Large (500+)
W. & L. JORDAN GmbH,Healthcare,Large (500+)
Tipico,Retail,Large (500+)
KARDEX,Education,Mid-size (51-500)
WITTENSTEIN SE,Healthcare,Startup (1-50)
wolt,Manufacturing,Mid-size (51-500)
Ebury,Hospitality,Mid-size (51-500)
Infosys,Finance,Mid-size (51-500)
Seagate Technology,Healthcare,Large (500+)
Grover,Finance,Large (500+)
Google,Technology,Startup (1-50)
valantic GmbH,Technology,Startup (1-50)
Integrated Worlds,Hospitality,Large (500+)
zooplus,Finance,Large (500+)
Nexperia Germany GmbH,Education,Startup (1-50)
Boehringer Ingelheim,Retail,Mid-size (51-500)
MATERA,Hospitality,Startup (1-50)
SuperBioMarkt AG,Education,Startup (1-50)
ScaleUp,Education,Large (500+)
BIRKENSTOCK,Retail,Mid-size (51-500)
C3 Creative Code and Content,Hospitality,Startup (1-50)
DB Netz AG,Finance,Startup (1-50)
clever fit,Healthcare,Large (500+)
Siegwerk,Marketing,Large (500+)
COLIFT Expert Network,Technology,Large (500+)
IAV GmbH,Education,Mid-size (51-500)
Mirakl,Healthcare,Mid-size (51-500)
Netze BW GmbH,Manufacturing,Startup (1-50)
Senger Mobility,Hospitality,Large (500+)
Intega Solutions,Retail,Large (500+)
PBVI GmbH,Education,Large (500+)
Scheer IDS,Technology,Mid-size (51-500)
Qualifyze,Healthcare,Mid-size (51-500)
R. Brand Group,Hospitality,Large (500+)
S&B Strategy,Manufacturing,Startup (1-50)
Schwarz IT,Education,Startup (1-50)
okadis Consulting GmbH,Retail,Large (500+)
zeb consulting,Finance,Large (500+)
MGRP Holding GmbH,Education,Large (500+)
Ulrich von Ey,Healthcare,Large (500+)
PwC Deutschland,Technology,Large (500+)
HUGO BOSS AG,Finance,Large (500+)
Richard Consulting GmbH,Hospitality,Large (500+)
Campana & Schott,Retail,Mid-size (51-500)
Stellantis,Manufacturing,Startup (1-50)
Senacor Technologies AG,Healthcare,Mid-size (51-500)
CMS IT-Consulting GmbH,Retail,Mid-size (51-500)
Senacor,Retail,Mid-size (51-500)
mindsquare AG,Finance,Startup (1-50)
dSPACE GmbH,Hospitality,Large (500+)
Senacor Technologies AG - Office Bonn,Manufacturing,Startup (1-50)
CGI,Marketing,Startup (1-50)
Drees & Sommer SE,Education,Large (500+)
Avanade Deutschland GmbH,Technology,Startup (1-50)
Senacor Technologies,Healthcare,Mid-size (51-500)
KUMAVISION AG,Retail,Startup (1-50)
affinis AG,Manufacturing,Large (500+)
DATAGROUP SE,Healthcare,Large (500+)
gotoitcareer GmbH,Finance,Startup (1-50)
Osborne Clarke,Marketing,Mid-size (51-500)
Exxeta,Marketing,Startup (1-50)
Pass Consulting Group,Finance,Large (500+)
Deutsche Krankenhausgesellschaft,Marketing,Large (500+)
Projektron GmbH,Manufacturing,Mid-size (51-500)
think about IT GmbH,Manufacturing,Startup (1-50)
Softline GmbH,Education,Startup (1-50)
SchwarzIT,Finance,Startup (1-50)
datagroup,Finance,Large (500+)
VSB Gruppe,Retail,Large (500+)
PROLOGA GmbH,Technology,Mid-size (51-500)
indevis IT-Consulting and Solutions GmbH,Education,Mid-size (51-500)
TEAM Baumanagement GmbH,Education,Mid-size (51-500)
HighCoordination GmbH,Retail,Mid-size (51-500)
DTS IT AG,Education,Mid-size (51-500)
Lowell,Healthcare,Mid-size (51-500)
CloudCommand GmbH,Hospitality,Large (500+)
DATAGROUP ( ehemals ISC Innovative Systems Consulting AG),Manufacturing,Startup (1-50)
WM Gruppe,Hospitality,Large (500+)
NTT DATA Europe & Latam,Marketing,Large (500+)
Bechtle,Hospitality,Startup (1-50)
smatch,Retail,Mid-size (51-500)
QBiz-IT GmbH,Healthcare,Startup (1-50)
rola Security Solutions GmbH,Healthcare,Large (500+)
Grant Thornton Germany,Healthcare,Large (500+)
Inetum,Hospitality,Large (500+)
Cognira,Education,Mid-size (51-500)
Uphold,Hospitality,Startup (1-50)
Celfocus,Education,Large (500+)
team.blue Global,Healthcare,Large (500+)
Johnson & Johnson,Retail,Mid-size (51-500)
Fox IT,Hospitality,Large (500+)
BNP Paribas,Retail,Mid-size (51-500)
Wallarm,Hospitality,Startup (1-50)
Kaizen Gaming,Hospitality,Mid-size (51-500)
Feedzai,Hospitality,Mid-size (51-500)
Synopsys,Manufacturing,Large (500+)
Coalition Inc.,Retail,Startup (1-50)
Bosch,Marketing,Large (500+)
Wellhub,Finance,Startup (1-50)
Grünenthal,Manufacturing,Mid-size (51-500)
Nordex Group,Retail,Startup (1-50)
Damia Group,Hospitality,Mid-size (51-500)
Intermedia,Marketing,Startup (1-50)
Avam Sciences,Marketing,Mid-size (51-500)
Energy21,Marketing,Mid-size (51-500)
DSV,Hospitality,Large (500+)
Prozis,Technology,Large (500+)
Devoteam,Manufacturing,Large (500+)
Cisco,Retail,Mid-size (51-500)
Geberit Middle East & Africa,Finance,Large (500+)
Galp,Manufacturing,Startup (1-50)
Glovo,Finance,Large (500+)
Anova,Manufacturing,Startup (1-50)
Sky Portugal,Healthcare,Mid-size (51-500)
Miniclip,Hospitality,Large (500+)
Emma – The Sleep Company,Finance,Large (500+)
Bison Bank,Technology,Large (500+)
COFCO International,Retail,Startup (1-50)
Bolt,Finance,Startup (1-50)
greenmetrics.ai,Hospitality,Mid-size (51-500)
Generali Tranquilidade,Manufacturing,Mid-size (51-500)
login.works,Technology,Large (500+)
SilicoLife,Retail,Startup (1-50)
"ANA - Aeroportos de Portugal, SA",Retail,Startup (1-50)
Frvr,Healthcare,Mid-size (51-500)
Indie Campers,Technology,Large (500+)
Inventa,Retail,Startup (1-50)
Ruby Labs,Technology,Large (500+)
McKinsey & Company,Education,Large (500+)
KENCKO,Finance,Mid-size (51-500)
Hydro,Healthcare,Startup (1-50)
Purpose Project Makers,Technology,Startup (1-50)
Keyrus Portugal,Education,Startup (1-50)
ComparaJá.pt,Healthcare,Mid-size (51-500)
Amgen,Healthcare,Large (500+)
Mastercard,Hospitality,Startup (1-50)
Nestlé USA,Finance,Mid-size (51-500)
Talkdesk,Hospitality,Startup (1-50)
WIRE IT,Manufacturing,Large (500+)
smartNsales Portugal Lda,Marketing,Startup (1-50)
FC Porto,Retail,Mid-size (51-500)
Philip Morris International,Education,Startup (1-50)
CTT - Correios de Portugal,Technology,Mid-size (51-500)
Optylon Krea,Healthcare,Startup (1-50)
"Trivalor SGPS, SA",Finance,Mid-size (51-500)
Banco CTT,Manufacturing,Mid-size (51-500)
Grupo Rolear,Finance,Startup (1-50)
Portway - Handling de Portugal S. A.,Manufacturing,Startup (1-50)
Reltio,Retail,Large (500+)
"Fapajal, S.A.",Retail,Mid-size (51-500)
Dremio,Technology,Large (500+)
Boost-it,Marketing,Startup (1-50)
Emma The Sleep Company,Manufacturing,Startup (1-50)
NetJets,Retail,Mid-size (51-500)
NOS Comunicações,Retail,Mid-size (51-500)
SIXT,Marketing,Large (500+)
Organon Pharmaceuticals,Manufacturing,Mid-size (51-500)
Capgemini Engineering,Retail,Large (500+)
BearingPoint,Hospitality,Large (500+)
Meritis,Education,Mid-size (51-500)
SpotOn TA,Education,Large (500+)
Essity,Healthcare,Large (500+)
smARTcat,Marketing,Startup (1-50)
Paymentology,Retail,Mid-size (51-500)
Outliant,Healthcare,Startup (1-50)
askblue,Technology,Mid-size (51-500)
Volkswagen Group Services – Portugal,Hospitality,Large (500+)
Visteon Portuguesa,Manufacturing,Startup (1-50)
i-charging,Retail,Startup (1-50)
Aptia Group,Marketing,Startup (1-50)
Mecwide,Finance,Mid-size (51-500)
Agicap,Manufacturing,Startup (1-50)
eNGN Technologies,Hospitality,Startup (1-50)
Sovos,Education,Large (500+)
TEKEVER,Marketing,Mid-size (51-500)
nfon,Marketing,Startup (1-50)
Natixis,Finance,Mid-size (51-500)
Klöckner Pentaplast,Manufacturing,Mid-size (51-500)
SONAE,Technology,Mid-size (51-500)
Neurons Lab,Hospitality,Mid-size (51-500)
Pipedrive,Hospitality,Startup (1-50)
PPG,Manufacturing,Large (500+)
Metyis AG,Marketing,Large (500+)
NielsenIQ,Finance,Mid-size (51-500)
SDG Group,Finance,Mid-size (51-500)
Cloudflare,Retail,Mid-size (51-500)
Samba TV,Healthcare,Startup (1-50)
"It-house - Global Business Solutions, Lda",Marketing,Startup (1-50)
Euronext,Marketing,Large (500+)
Infraspeak,Education,Startup (1-50)
BA GLASS,Technology,Startup (1-50)
Grupo JAP,Education,Large (500+)
HB-IT Consulting Group,Finance,Large (500+)
Movilges,Finance,Large (500+)
Fusion Consulting,Education,Large (500+)
Grit Solutions,Technology,Startup (1-50)
Kwan,Finance,Large (500+)
Sanofi,Marketing,Startup (1-50)
GSK,Healthcare,Mid-size (51-500)
United Nations,Finance,Startup (1-50)
Danone,Marketing,Mid-size (51-500)
Barilla,Retail,Large (500+)
Human Technopole,Technology,Large (500+)
SBM Offshore,Technology,Startup (1-50)
FAO,Finance,Large (500+)
Nestlé IT,Marketing,Mid-size (51-500)
Fater SpA,Marketing,Startup (1-50)
Prada,Technology,Mid-size (51-500)
Nozomi Networks,Technology,Mid-size (51-500)
DNP Photo Imaging Europe,Healthcare,Large (500+)
Chiesi Farmaceutici,Retail,Startup (1-50)
Italdesign,Hospitality,Mid-size (51-500)
DeLonghi,Technology,Startup (1-50)
Prima,Healthcare,Mid-size (51-500)
Bulgari,Finance,Large (500+)
Boston Scientific Corporation,Marketing,Mid-size (51-500)
Diennea MagNews,Technology,Large (500+)
Eli Lilly,Healthcare,Mid-size (51-500)
Mavriq,Manufacturing,Mid-size (51-500)
UniCredit,Finance,Large (500+)
Adents,Retail,Startup (1-50)
Antech Diagnostics,Marketing,Mid-size (51-500)
ANTARES VISION,Retail,Large (500+)
Tripadvisor,Manufacturing,Startup (1-50)
Txt Group,Finance,Large (500+)
Sun Chemical,Finance,Mid-size (51-500)
Bunge,Finance,Mid-size (51-500)
Thales,Technology,Mid-size (51-500)
WEP,Finance,Startup (1-50)
Aiko,Hospitality,Mid-size (51-500)
CMCC Foundation,Hospitality,Startup (1-50)
LUTECH SPA,Retail,Large (500+)
Meditrial Europe,Healthcare,Large (500+)
CLAC,Manufacturing,Startup (1-50)
Food and Agriculture Organization of the United Nations,Manufacturing,Large (500+)
MBDA,Retail,Mid-size (51-500)
Modine Manufacturing Company,Hospitality,Mid-size (51-500)
Sisal,Healthcare,Mid-size (51-500)
Kyndryl,Manufacturing,Mid-size (51-500)
EVERSANA,Marketing,Startup (1-50)
Volvo Group,Technology,Startup (1-50)
Ascom,Marketing,Startup (1-50)
Anaergia,Marketing,Mid-size (51-500)
Hitachi Energy,Education,Startup (1-50)
Kenvue,Manufacturing,Mid-size (51-500)
BIP,Retail,Startup (1-50)
ACCA Careers,Manufacturing,Large (500+)
PwC Italy,Finance,Startup (1-50)
De Nora,Education,Startup (1-50)
ION,Finance,Large (500+)
Sella,Retail,Mid-size (51-500)
Barilla Group,Education,Large (500+)
Zambon,Marketing,Large (500+)
Philips Healthcare Installation Teams,Technology,Startup (1-50)
Brown-Forman,Education,Startup (1-50)
theInterna,Technology,Large (500+)
Integral Ad Science,Finance,Large (500+)
Piemme S.p.A.,Education,Startup (1-50)
CRIF,Education,Mid-size (51-500)
IRCA Group,Hospitality,Startup (1-50)
CEVA Logistics,Hospitality,Mid-size (51-500)
Diennea,Technology,Mid-size (51-500)
Prada Group,Manufacturing,Startup (1-50)
Arthur D. Little,Finance,Startup (1-50)
OVS S.p.A.,Finance,Large (500+)
Prometeia,Finance,Startup (1-50)
Zoetis,Healthcare,Large (500+)
Alfasigma,Manufacturing,Large (500+)
Piaggio Group,Finance,Startup (1-50)
Bolton,Hospitality,Startup (1-50)
Bvlgari,Manufacturing,Mid-size (51-500)
De'Longhi Group,Technology,Startup (1-50)
Signify,Retail,Startup (1-50)
Valoreumano srl,Education,Mid-size (51-500)
Black & White Comunicazione srl,Marketing,Startup (1-50)
Integra Solutions srl Società Benefit,Healthcare,Startup (1-50)
Pirelli Tires,Healthcare,Large (500+)
MONTI 75 SRL,Marketing,Mid-size (51-500)
Piemme spa,Retail,Mid-size (51-500)
UniProf,Retail,Mid-size (51-500)
OTO Agency,Manufacturing,Mid-size (51-500)
SISAL,Marketing,Startup (1-50)
Nettowork Srl,Retail,Startup (1-50)
Ciaopeople Media Group,Retail,Startup (1-50)
Ciao People srl,Hospitality,Mid-size (51-500)
Italgas,Technology,Mid-size (51-500)
SAVE S.P.A.,Education,Startup (1-50)
Davision srl,Technology,Large (500+)
Beko Europe,Hospitality,Mid-size (51-500)
Coca‑Cola HBC Austria GmbH,Finance,Mid-size (51-500)
RE COLLECTION SRL,Retail,Large (500+)
Prodice SRL,Healthcare,Large (500+)
Altroconsumo,Finance,Startup (1-50)
IAL LOMBARDIA SRL,Manufacturing,Mid-size (51-500)
Stratego Swat,Hospitality,Startup (1-50)
LeadX Pro,Hospitality,Startup (1-50)
Atlas Copco BLM S.R.L.,Healthcare,Startup (1-50)
Operations OO,Marketing,Mid-size (51-500)
As.Co. Formazione,Marketing,Large (500+)
Dab Pumps Spa,Healthcare,Mid-size (51-500)
Gruppo DigiTouch,Education,Large (500+)
Kering,Technology,Mid-size (51-500)
Reckitt,Hospitality,Mid-size (51-500)
Jakala,Finance,Large (500+)
SB Italia S.r.l.,Manufacturing,Mid-size (51-500)
Baker Hughes,Marketing,Large (500+)
Moltiply Group,Technology,Startup (1-50)
Quantcast,Education,Large (500+)
Star srl,Healthcare,Mid-size (51-500)
State Street,Hospitality,Startup (1-50)
Exploration GmbH,Healthcare,Mid-size (51-500)
TWO WAY,Hospitality,Startup (1-50)
Masseria Le Lamie,Manufacturing,Large (500+)
Gowan Company,Marketing,Mid-size (51-500)
IKEA,Healthcare,Startup (1-50)
Cerved Group S.p.A,Finance,Mid-size (51-500)
Baxi Spa,Finance,Startup (1-50)
Business Call,Manufacturing,Large (500+)
Origgi Consulting S.r.l.,Healthcare,Large (500+)
BDR Thermea Group B.V.,Technology,Startup (1-50)
Cefla,Healthcare,Startup (1-50)
Allianz Trade in Italia,Healthcare,Mid-size (51-500)
CDI Centro Diagnostico Italiano,Marketing,Startup (1-50)
EssilorLuxottica,Hospitality,Startup (1-50)
Rinascente,Healthcare,Mid-size (51-500)
DAB Pumps,Hospitality,Startup (1-50)
WMR Group,Healthcare,Large (500+)
Coca-Cola HBC,Technology,Mid-size (51-500)
BRANDART,Education,Startup (1-50)
Dassault Systèmes,Hospitality,Mid-size (51-500)
Mooney,Healthcare,Large (500+)
Chiesi Group,Retail,Large (500+)
M3 Servizi Nautici,Technology,Startup (1-50)
Park Hyatt Milano,Technology,Mid-size (51-500)
InterSystems Italia,Hospitality,Mid-size (51-500)
Supermoney,Marketing,Large (500+)
Celltrion Healthcare Italia,Retail,Large (500+)
Marsh,Manufacturing,Startup (1-50)
Jobbit,Finance,Mid-size (51-500)
Visualitics,Marketing,Startup (1-50)
KPMG,Manufacturing,Large (500+)
Safilo,Marketing,Mid-size (51-500)
Lightcast,Technology,Mid-size (51-500)
myPOS,Manufacturing,Large (500+)
SDG Group Italy,Hospitality,Startup (1-50)
Renault Group,Hospitality,Startup (1-50)
Bausch + Lomb Italia,Hospitality,Mid-size (51-500)
Italiaonline,Finance,Large (500+)
hiop,Healthcare,Mid-size (51-500)
Osservatori Digital Innovation,Hospitality,Startup (1-50)
Dogma Systems,Hospitality,Mid-size (51-500)
Edison,Technology,Large (500+)
Omnia Technologies,Marketing,Large (500+)
Adecco,Manufacturing,Startup (1-50)
Heritage Holdings,Marketing,Large (500+)
JAKALA,Education,Mid-size (51-500)
D-Orbit,Healthcare,Mid-size (51-500)
Pininfarina Spa,Education,Mid-size (51-500)
Loro Piana,Technology,Mid-size (51-500)
TXT e-solutions SPA,Healthcare,Startup (1-50)
British American Tobacco,Healthcare,Large (500+)
Crown Packaging UK,Technology,Mid-size (51-500)
Estee Lauder,Technology,Mid-size (51-500)
GFT Technologies SE,Healthcare,Startup (1-50)
Prysmian Group,Manufacturing,Mid-size (51-500)
newcleo,Technology,Mid-size (51-500)
DELMIA,Education,Large (500+)
Akkodis,Technology,Mid-size (51-500)
Doctolib,Technology,Mid-size (51-500)
Vestas,Manufacturing,Startup (1-50)
Arup,Technology,Mid-size (51-500)
Sew Eurodrive,Marketing,Large (500+)
Angel,Education,Large (500+)
Game 7 Athletics,Technology,Large (500+)
Be Group,Technology,Mid-size (51-500)
WSP Italy,Manufacturing,Mid-size (51-500)
Cummins Inc.,Hospitality,Large (500+)
NTT DATA,Hospitality,Startup (1-50)
ALSTOM,Healthcare,Startup (1-50)
thyssenkrupp,Healthcare,Startup (1-50)
Leonardo,Finance,Large (500+)
Presto AB,Finance,Startup (1-50)
SIDEL,Education,Large (500+)
MARTARELLO ALESSANDRO,Education,Large (500+)
ABB,Healthcare,Startup (1-50)
ShopFully,Education,Mid-size (51-500)
GE Aerospace,Marketing,Startup (1-50)
Provectus,Education,Large (500+)
Flamma SpA,Technology,Large (500+)
MSC Technology,Technology,Startup (1-50)
Saipem,Marketing,Mid-size (51-500)
Champion Europe Group,Finance,Mid-size (51-500)
Bosch Italia,Education,Large (500+)
ManpowerGroup,Manufacturing,Startup (1-50)
Finera,Hospitality,Large (500+)
InterSystems,Healthcare,Startup (1-50)
Acqua di Parma,Technology,Mid-size (51-500)
Ferrari,Finance,Large (500+)
The Level Group,Education,Large (500+)
Ayvens,Education,Mid-size (51-500)
PERSICO GROUP,Retail,Large (500+)
Capgemini Invent,Finance,Mid-size (51-500)
Energy Job Search,Marketing,Startup (1-50)
Castello SGR,Finance,Large (500+)
Huawei,Hospitality,Mid-size (51-500)
BoF Careers,Marketing,Large (500+)
Dailymotion Advertising,Hospitality,Large (500+)
Atlante Srl,Finance,Large (500+)
Fondazione Telethon ETS,Technology,Startup (1-50)
Sileron,Hospitality,Startup (1-50)
Fluke,Manufacturing,Large (500+)
Intesa Sanpaolo Group,Hospitality,Mid-size (51-500)
SPINDOX SPA,Marketing,Mid-size (51-500)
Ducati Motor Holding S.p.A,Retail,Large (500+)
LEVANTE SOCIETA' COOPERATIVA,Marketing,Startup (1-50)
Afea,Hospitality,Mid-size (51-500)
HII,Retail,Mid-size (51-500)
ITALESSE,Hospitality,Mid-size (51-500)
Clayton Italia,Hospitality,Mid-size (51-500)
Grimaldi Group SpA,Hospitality,Large (500+)
Cefla s.c.,Marketing,Large (500+)
Omnia della Toffola spa,Marketing,Large (500+)
Fine Foods & Pharmaceuticals N.T.M. S.p.A.,Healthcare,Large (500+)
Oj Eventi,Manufacturing,Mid-size (51-500)
Adecco Italia,Marketing,Mid-size (51-500)
bizpal,Retail,Startup (1-50)
SCM Group,Finance,Large (500+)
Medtronic,Hospitality,Mid-size (51-500)
Rexel Italia,Technology,Large (500+)
Adecco Italia Spa,Healthcare,Large (500+)
Afol Metropolitana,Finance,Startup (1-50)
Tn Italy,Marketing,Startup (1-50)
Accenture,Manufacturing,Mid-size (51-500)
Horsa S.p.a.,Marketing,Mid-size (51-500)
Euronics,Manufacturing,Startup (1-50)
Up2you,Finance,Startup (1-50)
Tekno Blink Metal S.r.l.,Manufacturing,Mid-size (51-500)
Kantar,Finance,Mid-size (51-500)
Husky Injection Molding,Retail,Startup (1-50)
LEONORI SPA,Education,Large (500+)
Nexans,Retail,Mid-size (51-500)
PAT S.r.l.,Education,Mid-size (51-500)
Bauli Group,Retail,Large (500+)
Lectra,Retail,Startup (1-50)
Royal Caribbean group,Technology,Large (500+)
SNAPSOFT SRL - BLAZAR GROUP,Finance,Large (500+)
Defence Tech Holding – Tinexta Group,Finance,Large (500+)
QC Terme spas and resort,Education,Startup (1-50)
IQVIA,Manufacturing,Large (500+)
Ennova Research,Healthcare,Startup (1-50)
Serco,Manufacturing,Mid-size (51-500)
Takeda Pharmaceuticals,Retail,Large (500+)
selefor,Hospitality,Large (500+)
Stanley Black & Decker,Healthcare,Mid-size (51-500)
Lamborghini,Technology,Large (500+)
Iconsulting S.p.A,Education,Mid-size (51-500)
Thélios,Manufacturing,Large (500+)
Foorban,Manufacturing,Startup (1-50)
Fendi,Manufacturing,Startup (1-50)
Cerved,Marketing,Startup (1-50)
NHOA Group,Retail,Startup (1-50)
Humanitas Research Hospital,Retail,Startup (1-50)
Avanade,Hospitality,Startup (1-50)
Casa Optima,Hospitality,Large (500+)
Safetykleen,Retail,Large (500+)
ManpowerGroup Italia,Finance,Mid-size (51-500)
DOLCE&GABBANA,Marketing,Startup (1-50)
Kirey Group,Hospitality,Mid-size (51-500)
Publicis Groupe,Marketing,Mid-size (51-500)
SPREAFICO FRANCESCO & F.LLI SPA,Finance,Startup (1-50)
MIDO Watches,Retail,Large (500+)
Relatech,Healthcare,Large (500+)
PIAM Farmaceutici S.p.A.,Technology,Startup (1-50)
Italian Design Institute,Retail,Mid-size (51-500)
team.blue,Hospitality,Startup (1-50)
Comer Industries,Hospitality,Startup (1-50)
Mondadori Group,Manufacturing,Startup (1-50)
Fiserv,Hospitality,Startup (1-50)
Herzum Software srl Unipersonale,Education,Startup (1-50)
Herzum Software S.R.L. Unipersonale,Retail,Mid-size (51-500)
OSR Manage,Technology,Startup (1-50)
Action ICT,Retail,Mid-size (51-500)
Energy Team S.p.A.,Hospitality,Mid-size (51-500)
Be | Shaping the Future,Technology,Large (500+)
